universityCode,displayName,reading,aliases,sourceTitle,sourceUrl,status,notes
1005,旭川医大,,,,,review,あさひかわいだい
1010,小樽商大,,,,,review,おたるしょうだい
1015,帯広畜産大,,,,,review,おびひろちくさんだい
1020,北見工大,,,,,review,きたみこうだい
1025,北海道大,,,,,review,ほっかいどうだい
1030,北教大旭川校,,,,,review,きたきょうだいあさひかわこう
1035,北教大岩見沢校,,,,,review,きたきょうだいいわみざわこう
1040,北教大釧路校,,,,,review,きたきょうだいくしろこう
1045,北教大札幌校,,,,,review,きたきょうだいさっぽろこう
1050,北教大函館校,,,,,review,きたきょうだいはこだてこう
1055,室蘭工大,,,,,review,むろらんこうだい
1060,弘前大,,,,,review,ひろさきだい
1065,岩手大,,,,,review,いわてだい
1070,東北大,,,,,review,とうほくだい
1075,宮城教育大,,,,,review,みやぎきょういくだい
1080,秋田大,,,,,review,あきたまさる
1085,山形大,,,,,review,やまがただい
1090,福島大,,,,,review,ふくしまだい
1093,筑波技大,,,,,review,つくばぎだい
1095,茨城大,,,,,review,いばらきだい
1100,筑波大,,,,,review,つくばだい
1110,宇都宮大,,,,,review,うつのみやだい
1115,群馬大,,,,,review,ぐんまだい
1120,埼玉大,,,,,review,さいたまだい
1125,千葉大,,,,,review,ちばだい
1128,東京海洋大,,,,,review,とうきょうかいようだい
1130,お茶の水女子大,,,,,review,おちゃのみずじょしだい
1135,電気通信大,,,,,review,でんきつうしんだい
1140,東京大,,,,,review,とうきょうだい
1150,東京外大,,,,,review,とうきょうがいだい
1155,東京学芸大,,,,,review,とうきょうがくげいだい
1160,東京芸大,,,,,review,とうきょうげいだい
1165,東京科学大,,,,,review,とうきょうかがくだい
1180,東京農工大,,,,,review,とうきょうのうこうだい
1185,一橋大,,,,,review,ひとつばしだい
1190,横浜国立大,,,,,review,よこはまこくりつだい
1195,上越教育大,,,,,review,じょうえつきょういくだい
1200,長岡技術科学大,,,,,review,ながおかぎじゅつかがくだい
1205,新潟大,,,,,review,にいがただい
1210,富山大,,,,,review,とやまだい
1220,金沢大,,,,,review,かなざわだい
1225,福井大,,,,,review,ふくいまさる
1235,山梨大,,,,,review,やまなしだい
1245,信州大,,,,,review,しんしゅうだい
1250,岐阜大,,,,,review,ぎふだい
1255,静岡大,,,,,review,しずおかだい
1260,浜松医大,,,,,review,はままついだい
1265,愛知教育大,,,,,review,あいちきょういくだい
1270,豊橋技術科学大,,,,,review,とよはしぎじゅつかがくだい
1275,名古屋大,,,,,review,なごやだい
1280,名古屋工大,,,,,review,なごやこうだい
1285,三重大,,,,,review,みえだい
1290,滋賀大,,,,,review,しがだい
1295,滋賀医大,,,,,review,しがいだい
1300,京都大,,,,,review,きょうとだい
1305,京都教育大,,,,,review,きょうときょういくだい
1310,京都工芸繊維大,,,,,review,きょうとこうげいせんいだい
1315,大阪大,,,,,review,おおさかだい
1325,大阪教育大,,,,,review,おおさかきょういくだい
1330,神戸大,,,,,review,こうべだい
1340,兵庫教育大,,,,,review,ひょうごきょういくだい
1345,奈良教育大,,,,,review,ならきょういくだい
1350,奈良女子大,,,,,review,ならじょしだい
1355,和歌山大,,,,,review,わかやまだい
1360,鳥取大,,,,,review,とっとりだい
1365,島根大,,,,,review,しまねだい
1375,岡山大,,,,,review,おかやまだい
1380,広島大,,,,,review,ひろしまだい
1385,山口大,,,,,review,やまぐちだい
1390,徳島大,,,,,review,とくしまだい
1395,鳴門教育大,,,,,review,なるときょういくだい
1400,香川大,,,,,review,かがわだい
1410,愛媛大,,,,,review,えひめだい
1415,高知大,,,,,review,こうちだい
1425,九州大,,,,,review,きゅうしゅうだい
1435,九州工大,,,,,review,きゅうしゅうこうだい
1440,福岡教育大,,,,,review,ふくおかきょういくだい
1445,佐賀大,,,,,review,さがだい
1455,長崎大,,,,,review,ながさきだい
1460,熊本大,,,,,review,くまもとだい
1465,大分大,,,,,review,だいぶだい
1475,宮崎大,,,,,review,みやざきだい
1485,鹿児島大,,,,,review,かごしまだい
1490,鹿屋体育大,,,,,review,かのやたいいくだい
1495,琉球大,,,,,review,りゅうきゅうだい
2003,はこだて未来大,,,,,review,はこだてみらいだい
2004,札幌市立大,,,,,review,さっぽろしりつだい
2005,釧路公立大,,,,,review,くしろこうりつだい
2006,名寄市立大,,,,,review,なよろしりつだい
2007,千歳科学技大,,,,,review,ちとせかがくわざだい
2008,旭川市立大,,,,,review,あさひかわしりつだい
2010,札幌医大,,,,,review,さっぽろいだい
2013,青森県立保健大,,,,,review,あおもりけんりつほけんだい
2015,青森公立大,,,,,review,あおもりこうりつだい
2018,岩手県立大,,,,,review,いわてけんりつだい
2023,宮城大,,,,,review,みやぎまさる
2028,秋田県立大,,,,,review,あきたけんりつだい
2029,秋田公立美大,,,,,review,あきたこうりつびだい
2030,国際教養大,,,,,review,こくさいきょうようだい
2033,山形県米沢栄大,,,,,review,やまがたけんよねざわさかえまさる
2034,東北農林職大,,,,,review,とうほくのうりんしょくだい
2035,山形保健医療大,,,,,review,やまがたほけんいりょうだい
2040,会津大,,,,,review,あいづだい
2045,福島県立医大,,,,,review,ふくしまけんりついだい
2050,茨城県立医療大,,,,,review,いばらきけんりついりょうだい
2058,前橋工科大,,,,,review,まえばしこうかだい
2059,群馬健康科学大,,,,,review,ぐんまけんこうかがくだい
2060,群馬県立女子大,,,,,review,ぐんまけんりつじょしだい
2065,高崎経大,,,,,review,たかさききょうだい
2070,埼玉県立大,,,,,review,さいたまけんりつだい
2075,千葉保健医療大,,,,,review,ちばほけんいりょうだい
2079,東京都立大,,,,,review,とうきょうとりつだい
2088,神奈川保福大,,,,,review,かながわたもつふくだい
2089,川崎市立看護大,,,,,review,かわさきしりつかんごだい
2090,横浜市立大,,,,,review,よこはましりつだい
2093,新潟県立看護大,,,,,review,にいがたけんりつかんごだい
2094,新潟県立大,,,,,review,にいがたけんりつだい
2095,長岡造形大,,,,,review,ながおかぞうけいだい
2096,三条市立大,,,,,review,さんじょうしりつだい
2100,富山県立大,,,,,review,とやまけんりつだい
2103,石川県立看護大,,,,,review,いしかわけんりつかんごだい
2104,石川県立大,,,,,review,いしかわけんりつだい
2105,金沢美術工芸大,,,,,review,かなざわびじゅつこうげいだい
2106,公立小松大,,,,,review,こうりつこまつまさる
2108,敦賀市立看護大,,,,,review,つるがしりつかんごだい
2110,福井県立大,,,,,review,ふくいけんりつだい
2114,山梨県立大,,,,,review,やまなしけんりつだい
2115,都留文科大,,,,,review,つるぶんかだい
2118,長野大,,,,,review,ながのまさる
2119,長野県立大,,,,,review,ながのけんりつだい
2120,長野県看護大,,,,,review,ながのけんかんごだい
2121,諏訪東京理大,,,,,review,すわとうきょうみちひろ
2123,岐阜県立看護大,,,,,review,ぎふけんりつかんごだい
2125,岐阜薬大,,,,,review,ぎふやくだい
2128,静岡文化芸大,,,,,review,しずおかぶんかげいだい
2129,静岡農林職大,,,,,review,しずおかのうりんしょくだい
2130,静岡県立大,,,,,review,しずおかけんりつだい
2135,愛知県立大,,,,,review,あいちけんりつだい
2145,愛知県立芸大,,,,,review,あいちけんりつげいだい
2150,名古屋市立大,,,,,review,なごやしりつだい
2153,三重県立看護大,,,,,review,みえけんりつかんごだい
2160,滋賀県立大,,,,,review,しがけんりつだい
2163,福知山公立大,,,,,review,ふくちやまこうりつだい
2165,京都市立芸大,,,,,review,きょうとしりつげいだい
2170,京都府立大,,,,,review,きょうとふりつだい
2175,京都府立医大,,,,,review,きょうとふりついだい
2178,大阪公立大,,,,,review,おおさかこうりつだい
2198,神戸市看護大,,,,,review,こうべしかんごだい
2199,兵庫県立大,,,,,review,ひょうごけんりつだい
2200,神戸市外大,,,,,review,こうべしがいだい
2201,芸術文観光職大,,,,,review,げいじゅつぶんかんこうしょくだい
2220,奈良県立医大,,,,,review,ならけんりついだい
2225,奈良県立大,,,,,review,ならけんりつだい
2230,和歌山県立医大,,,,,review,わかやまけんりついだい
2235,公立鳥取環境大,,,,,review,こうりつとっとりかんきょうだい
2240,島根県立大,,,,,review,しまねけんりつだい
2243,新見公立大,,,,,review,にいみこうりつだい
2245,岡山県立大,,,,,review,おかやまけんりつだい
2249,尾道市立大,,,,,review,おのみちしりつだい
2251,県立広島大,,,,,review,けんりつひろしままさる
2252,福山市立大,,,,,review,ふくやましりつだい
2253,叡啓大,,,,,review,えいけいた
2260,広島市立大,,,,,review,ひろしましりつだい
2263,山口東京理科大,,,,,review,やまぐちとうきょうりかだい
2264,周南公立大,,,,,review,しゅうなんこうりつだい
2265,下関市立大,,,,,review,しものせきしりつだい
2270,山口県立大,,,,,review,やまぐちけんりつだい
2280,香川保健医療大,,,,,review,かがわほけんいりょうだい
2285,愛媛医療技術大,,,,,review,えひめいりょうぎじゅつだい
2288,高知工科大,,,,,review,こうちこうかだい
2290,高知県立大,,,,,review,こうちけんりつだい
2295,北九州市立大,,,,,review,きたきゅうしゅうしりつだい
2300,九州歯大,,,,,review,きゅうしゅうはだい
2305,福岡県立大,,,,,review,ふくおかけんりつだい
2310,福岡女子大,,,,,review,ふくおかじょしだい
2320,長崎県立大,,,,,review,ながさきけんりつだい
2325,熊本県立大,,,,,review,くまもとけんりつだい
2328,大分看護科学大,,,,,review,だいぶかんごかがくだい
2333,宮崎県立看護大,,,,,review,みやざきけんりつかんごだい
2335,宮崎公立大,,,,,review,みやざきこうりつだい
2343,沖縄県立看護大,,,,,review,おきなわけんりつかんごだい
2344,名桜大,,,,,review,めいおうだい
2345,沖縄県立芸大,,,,,review,おきなわけんりつげいだい
3002,札幌大,,,,,review,さっぽろだい
3003,札幌学院大,,,,,review,さっぽろがくいんだい
3004,札幌国際大,,,,,review,さっぽろこくさいだい
3005,星槎道都大,,,,,review,せいさどうとだい
3006,函館大,,,,,review,はこだてだい
3007,藤女子大,,,,,review,ふじじょしだい
3008,北星学園大,,,,,review,ほくせいがくえんだい
3009,北海学園大,,,,,review,ほっかいがくえんだい
3010,北海商大,,,,,review,ほっかいしょうだい
3011,北海道医療大,,,,,review,ほっかいどういりょうだい
3012,北海道科学大,,,,,review,ほっかいどうかがくだい
3013,北海道情報大,,,,,review,ほっかいどうじょうほうだい
3016,酪農学園大,,,,,review,らくのうがくえんだい
3017,北翔大,,,,,review,ほくしょうまさる
3018,北洋大,,,,,review,ほくようだい
3020,日赤北海道看大,,,,,review,にっせきほっかいどうかんだい
3021,北海道文教大,,,,,review,ほっかいどうぶんきょうだい
3022,天使大,,,,,review,てんしだい
3023,育英館大,,,,,review,いくえいかんだい
3024,札幌大谷大,,,,,review,さっぽろおおたにまさる
3025,札幌保健医療大,,,,,review,さっぽろほけんいりょうだい
3026,日本医療大,,,,,review,にほんいりょうだい
3027,千歳リハビリ大,,,,,review,ちとせりはびりだい
3028,北海道武蔵女大,,,,,review,ほっかいどうむさしおんなだい
3041,青森大,,,,,review,あおもりだい
3042,柴田学園大,,,,,review,しばたがくえんだい
3043,八戸学院大,,,,,review,はちのへがくいんだい
3044,八戸工大,,,,,review,はちのへこうだい
3045,弘前学院大,,,,,review,ひろさきがくいんだい
3046,青森中央学院大,,,,,review,あおもりちゅうおうがくいんだい
3047,弘前医療福祉大,,,,,review,ひろさきいりょうふくしだい
3056,岩手医大,,,,,review,いわていだい
3057,富士大,,,,,review,ふじだい
3058,盛岡大,,,,,review,もりおかだい
3059,岩手保健医療大,,,,,review,いわてほけんいりょうだい
3066,石巻専修大,,,,,review,いしのまきせんしゅうだい
3067,仙台大,,,,,review,せんだいだい
3068,東北学院大,,,,,review,とうほくがくいんだい
3069,東北工大,,,,,review,とうほくこうだい
3070,東北生活文化大,,,,,review,とうほくせいかつぶんかだい
3071,東北福祉大,,,,,review,とうほくふくしだい
3072,東北医薬大,,,,,review,とうほくいやくだい
3073,宮城学院女子大,,,,,review,みやぎがくいんじょしだい
3074,仙台白百合女大,,,,,review,せんだいしらゆりおんなだい
3075,東北文化学園大,,,,,review,とうほくぶんかがくえんだい
3076,尚絅学院大,,,,,review,しょうけいがくいんだい
3077,仙台青葉学院大,,,,,review,せんだいあおばがくいんだい
3081,ノースアジア大,,,,,review,のーすあじあだい
3082,秋田看護福祉大,,,,,review,あきたかんごふくしだい
3083,日赤東北看護大,,,,,review,にっせきとうほくかんごだい
3090,東北芸術工大,,,,,review,とうほくげいじゅつこうだい
3091,東北公益文科大,,,,,review,とうほくこうえきぶんかだい
3092,東北文教大,,,,,review,とうほくぶんきょうだい
3098,医療創生大,,,,,review,いりょうそうせいだい
3099,奥羽大,,,,,review,おううだい
3100,郡山女子大,,,,,review,こおりやまじょしだい
3101,東日本国際大,,,,,review,ひがしにほんこくさいだい
3102,福島学院大,,,,,review,ふくしまがくいんだい
3106,茨城キリスト大,,,,,review,いばらききりすとだい
3107,つくば国際大,,,,,review,つくばこくさいだい
3108,常磐大,,,,,review,ときわまさる
3109,流通経済大,,,,,review,りゅうつうけいざいだい
3110,日本国際学園大,,,,,review,にほんこくさいがくえんだい
3112,ウェルネス大,,,,,review,うぇるねすだい
3113,アール医療職大,,,,,review,あーるいりょうしょくだい
3119,足利大,,,,,review,あしかがまさる
3120,国際医療福祉大,,,,,review,こくさいいりょうふくしだい
3121,作新学院大,,,,,review,さくしんがくいんだい
3122,自治医大,,,,,review,じちいだい
3123,獨協医大,,,,,review,どっきょういだい
3124,白鴎大,,,,,review,はくおうだい
3125,宇都宮共和大,,,,,review,うつのみやきょうわだい
3126,文星芸大,,,,,review,ぶんせいげいだい
3132,関東学園大,,,,,review,かんとうがくえんだい
3133,上武大,,,,,review,じょうぶだい
3134,共愛前橋国際大,,,,,review,きょうあいまえばしこくさいだい
3135,東京福祉大,,,,,review,とうきょうふくしだい
3136,高崎健康福祉大,,,,,review,たかさきけんこうふくしだい
3137,高崎商大,,,,,review,たかさきしょうだい
3138,群馬医療福祉大,,,,,review,ぐんまいりょうふくしだい
3140,群馬パース大,,,,,review,ぐんまぱーすだい
3141,ぐんま未来大,,,,,review,ぐんまみらいだい
3142,育英大,,,,,review,いくえいだい
3147,跡見学園女子大,,,,,review,あとみがくえんじょしだい
3148,埼玉医大,,,,,review,さいたまいだい
3149,埼玉工大,,,,,review,さいたまこうだい
3150,城西大,,,,,review,じょうさいだい
3151,駿河台大,,,,,review,するがだいだい
3152,聖学院大,,,,,review,きよしがくいんだい
3153,東京国際大,,,,,review,とうきょうこくさいだい
3154,東邦音大,,,,,review,とうほうおんだい
3155,獨協大,,,,,review,どっきょうだい
3156,日本工大,,,,,review,にほんこうだい
3157,文教大,,,,,review,ぶんきょうだい
3158,文京学院大,,,,,review,ぶんきょうがくいんだい
3159,明海大,,,,,review,めいかいだい
3160,目白大,,,,,review,めじろだい
3161,平成国際大,,,,,review,へいせいこくさいだい
3162,十文字学園女大,,,,,review,じゅうもんじがくえんおんなだい
3163,西武文理大,,,,,review,せいぶぶんりだい
3164,埼玉学園大,,,,,review,さいたまがくえんだい
3165,尚美学園大,,,,,review,しょうびがくえんだい
3166,共栄大,,,,,review,きょうえいだい
3167,ものつくり大,,,,,review,ものつくりだい
3168,浦和大,,,,,review,うらわだい
3169,日本薬大,,,,,review,にほんやくだい
3170,武蔵野学院大,,,,,review,むさしのがくいんだい
3171,人間総合科学大,,,,,review,にんげんそうごうかがくだい
3172,日本医療科学大,,,,,review,にほんいりょうかがくだい
3173,東都大,,,,,review,とうとだい
3174,日本保健医療大,,,,,review,にほんほけんいりょうだい
3191,江戸川大,,,,,review,えどがわまさる
3192,川村学園女子大,,,,,review,かわむらがくえんじょしだい
3193,神田外語大,,,,,review,かんだがいごだい
3194,敬愛大,,,,,review,けいあいだい
3195,国際武道大,,,,,review,こくさいぶどうだい
3196,淑徳大,,,,,review,しゅくとくだい
3197,城西国際大,,,,,review,じょうさいこくさいだい
3198,聖徳大,,,,,review,せいとくだい
3199,清和大,,,,,review,せいわだい
3200,千葉経大,,,,,review,ちばきょうだい
3201,千葉工大,,,,,review,ちばこうだい
3202,千葉商大,,,,,review,ちばしょうだい
3203,中央学院大,,,,,review,ちゅうおうがくいんだい
3204,帝京平成大,,,,,review,ていきょうへいせいだい
3205,東京基督教大,,,,,review,とうきょうきりすときょうだい
3206,東京歯大,,,,,review,とうきょうはだい
3207,東京情報大,,,,,review,とうきょうじょうほうだい
3208,東京成徳大,,,,,review,とうきょうせいとくだい
3209,東洋学園大,,,,,review,とうようがくえんだい
3210,秀明大,,,,,review,しゅうめいだい
3211,麗澤大,,,,,review,れいたくだい
3212,和洋女子大,,,,,review,わようじょしだい
3213,愛国学園大,,,,,review,あいこくがくえんだい
3214,開智国際大,,,,,review,かいちこくさいだい
3215,千葉科学大,,,,,review,ちばかがくだい
3216,ＳＢＣ医療大,,,,,review,ＳＢＣいりょうだい
3217,植草学園大,,,,,review,うえくさがくえんだい
3218,三育学院大,,,,,review,さんいくがくいんだい
3219,亀田医療大,,,,,review,かめだいりょうだい
3231,青山学院大,,,,,review,あおやまがくいんだい
3232,亜細亜大,,,,,review,あじあだい
3234,桜美林大,,,,,review,おうびりんだい
3235,大妻女子大,,,,,review,おおつまじょしだい
3236,学習院大,,,,,review,がくしゅういんだい
3237,北里大,,,,,review,きたさとだい
3238,共立女子大,,,,,review,きょうりつじょしだい
3240,杏林大,,,,,review,きょうりんだい
3241,国立音大,,,,,review,こくりつおんだい
3242,慶応大,,,,,review,けいおうだい
3244,工学院大,,,,,review,こうがくいんだい
3245,国学院大,,,,,review,くにがくいんだい
3246,国際基督教大,,,,,review,こくさいきりすときょうだい
3247,国士舘大,,,,,review,こくしかんだい
3248,駒澤大,,,,,review,こまざわまさる
3249,駒沢女子大,,,,,review,こまざわじょしだい
3250,実践女子大,,,,,review,じっせんじょしだい
3251,芝浦工大,,,,,review,しばうらこうだい
3252,順天堂大,,,,,review,じゅんてんどうだい
3253,上智大,,,,,review,じょうちだい
3254,昭和医大,,,,,review,しょうわいだい
3255,昭和女子大,,,,,review,しょうわじょしだい
3256,昭和薬大,,,,,review,しょうわやくだい
3257,日本栄養大,,,,,review,にほんえいようだい
3258,女子美大,,,,,review,じょしびだい
3259,白百合女子大,,,,,review,しらゆりじょしだい
3260,杉野服飾大,,,,,review,すぎのふくしょくだい
3261,成蹊大,,,,,review,せいけいだい
3262,成城大,,,,,review,せいじょうだい
3263,聖心女子大,,,,,review,せいしんじょしだい
3264,清泉女子大,,,,,review,せいせんじょしだい
3265,聖路加国際大,,,,,review,せいろかこくさいだい
3266,専修大,,,,,review,せんしゅうだい
3267,創価大,,,,,review,そうかだい
3268,大正大,,,,,review,たいしょうまさる
3269,大東文化大,,,,,review,だいとうぶんかだい
3270,高千穂大,,,,,review,たかちほまさる
3271,拓殖大,,,,,review,たくしょくだい
3272,多摩大,,,,,review,たままさる
3273,玉川大,,,,,review,たまがわだい
3274,多摩美大,,,,,review,たまみだい
3275,中央大,,,,,review,ちゅうおうだい
3276,津田塾大,,,,,review,つだじゅくだい
3277,帝京大,,,,,review,ていきょうだい
3278,東海大,,,,,review,とうかいだい
3279,東京医大,,,,,review,とうきょういだい
3280,東京音大,,,,,review,とうきょうおんだい
3281,東京家政大,,,,,review,とうきょうかせいだい
3282,東京家政学院大,,,,,review,とうきょうかせいがくいんだい
3283,東京経大,,,,,review,とうきょうきょうだい
3284,東京工科大,,,,,review,とうきょうこうかだい
3285,東京慈恵会医大,,,,,review,とうきょうじけいかいいだい
3286,東京女子大,,,,,review,とうきょうじょしだい
3287,東京女子医大,,,,,review,とうきょうじょしいだい
3288,東京女子体育大,,,,,review,とうきょうじょしたいいくだい
3289,東京神学大,,,,,review,とうきょうしんがくだい
3290,東京造形大,,,,,review,とうきょうぞうけいだい
3291,東京電機大,,,,,review,とうきょうでんきだい
3292,東京農大,,,,,review,とうきょうのうだい
3293,東京薬大,,,,,review,とうきょうやくだい
3294,東京理大,,,,,review,とうきょうみちひろ
3295,東邦大,,,,,review,とうほうだい
3296,桐朋学園大,,,,,review,とうほうがくえんだい
3297,東洋大,,,,,review,とうようだい
3298,二松学舎大,,,,,review,にしょうがくしゃだい
3299,日本大,,,,,review,にほんだい
3300,日本医大,,,,,review,にほんいだい
3301,日本歯大,,,,,review,にほんはだい
3302,日本社会事業大,,,,,review,にほんしゃかいじぎょうだい
3303,日本獣医生命大,,,,,review,にほんじゅういせいめいだい
3304,日本女子大,,,,,review,にほんじょしだい
3305,日本女子体育大,,,,,review,にほんじょしたいいくだい
3306,日赤看護大,,,,,review,にっせきかんごだい
3307,日本体育大,,,,,review,にほんたいいくだい
3308,日本文化大,,,,,review,にほんぶんかだい
3310,文化学園大,,,,,review,ぶんかがくえんだい
3311,法政大,,,,,review,ほうせいだい
3312,星薬大,,,,,review,ほしやくだい
3313,武蔵大,,,,,review,むさしだい
3314,東京都市大,,,,,review,とうきょうとしだい
3315,武蔵野音大,,,,,review,むさしのおんだい
3316,武蔵野大,,,,,review,むさしのまさる
3317,武蔵野美大,,,,,review,むさしのびだい
3318,明治大,,,,,review,めいじだい
3319,明治学院大,,,,,review,めいじがくいんだい
3320,明治薬大,,,,,review,めいじやくだい
3321,明星大,,,,,review,めいせいだい
3322,立教大,,,,,review,りっきょうだい
3323,立正大,,,,,review,りっしょうだい
3324,和光大,,,,,review,わこうだい
3325,早稲田大,,,,,review,わせだだい
3326,東京純心大,,,,,review,とうきょうじゅんしんだい
3328,嘉悦大,,,,,review,かえつまさる
3330,東京富士大,,,,,review,とうきょうふじだい
3333,東京医療保健大,,,,,review,とうきょういりょうほけんだい
3334,東京聖栄大,,,,,review,とうきょうせいえいだい
3335,白梅学園大,,,,,review,はくばいがくえんだい
3336,デジハリ大,,,,,review,でじはりだい
3337,東京未来大,,,,,review,とうきょうみらいだい
3338,こども教宝仙大,,,,,review,こどもきょうほうせんだい
3339,東京有明医療大,,,,,review,とうきょうありあけいりょうだい
3341,ヤマザキ動物大,,,,,review,やまざきどうぶつだい
3342,東京医療学院大,,,,,review,とうきょういりょうがくいんだい
3343,情報イノベ職大,,,,,review,じょうほういのべしょくだい
3348,東京保健医職大,,,,,review,とうきょうほけんいしょくだい
3349,東京情報デ職大,,,,,review,とうきょうじょうほうでしょくだい
3361,麻布大,,,,,review,あざぶだい
3362,神奈川大,,,,,review,かながわだい
3363,神奈川工科大,,,,,review,かながわこうかだい
3364,神奈川歯大,,,,,review,かながわはだい
3365,鎌倉女子大,,,,,review,かまくらじょしだい
3366,関東学院大,,,,,review,かんとうがくいんだい
3367,相模女子大,,,,,review,さがみじょしだい
3368,産業能率大,,,,,review,さんぎょうのうりつだい
3369,湘南工科大,,,,,review,しょうなんこうかだい
3370,昭和音大,,,,,review,しょうわおんだい
3371,マリアンナ医大,,,,,review,まりあんないだい
3372,洗足学園音大,,,,,review,せんぞくがくえんおんだい
3373,鶴見大,,,,,review,つるみだい
3374,桐蔭横浜大,,,,,review,とういんよこはまだい
3375,東京工芸大,,,,,review,とうきょうこうげいだい
3376,東洋英和女学大,,,,,review,とうようえいわじょがくだい
3377,フェリス女大,,,,,review,ふぇりすおんなだい
3378,横浜商大,,,,,review,よこはましょうだい
3379,松蔭大,,,,,review,しょういんだい
3380,田園調布学園大,,,,,review,でんえんちょうふがくえんだい
3381,横浜薬大,,,,,review,よこはまやくだい
3382,横浜美大,,,,,review,よこはまびだい
3383,日本映画大,,,,,review,にほんえいがだい
3384,横浜創英大,,,,,review,よこはまそうえいだい
3385,湘南医療大,,,,,review,しょうなんいりょうだい
3386,湘南鎌倉医療大,,,,,review,しょうなんかまくらいりょうだい
3387,ビューティ職大,,,,,review,びゅーてぃしょくだい
3388,グロＢｉｚ職大,,,,,review,ぐろＢｉｚしょくだい
3401,敬和学園大,,,,,review,けいわがくえんだい
3403,新潟経営大,,,,,review,にいがたけいえいだい
3404,新潟国際情報大,,,,,review,にいがたこくさいじょうほうだい
3405,新潟産大,,,,,review,にいがたさんだい
3406,新潟薬大,,,,,review,にいがたやくだい
3407,新潟工科大,,,,,review,にいがたこうかだい
3408,新潟青陵大,,,,,review,にいがたせいりょうだい
3409,長岡大,,,,,review,ながおかまさる
3410,新潟医療福祉大,,,,,review,にいがたいりょうふくしだい
3411,新潟リハビリ大,,,,,review,にいがたりはびりだい
3412,新潟食料農業大,,,,,review,にいがたしょくりょうのうぎょうだい
3413,長岡崇徳大,,,,,review,ながおかすとくだい
3414,開志専門職大,,,,,review,かいこころざしせんもんしょくだい
3417,富山国際大,,,,,review,とやまこくさいだい
3426,金沢医大,,,,,review,かなざわいだい
3427,金沢星稜大,,,,,review,かなざわせいりょうだい
3428,金沢工大,,,,,review,かなざわこうだい
3429,金沢学院大,,,,,review,かなざわがくいんだい
3430,北陸大,,,,,review,ほくりくだい
3431,金城大,,,,,review,きんじょうだい
3432,北陸学院大,,,,,review,ほくりくがくいんだい
3433,かなざわ食職大,,,,,review,かなざわしょくしょくだい
3441,福井工大,,,,,review,ふくいこうだい
3442,仁愛大,,,,,review,じんあいだい
3443,福井医療大,,,,,review,ふくいいりょうだい
3451,帝京科学大,,,,,review,ていきょうかがくだい
3452,身延山大,,,,,review,みのぶさんだい
3453,山梨学院大,,,,,review,やまなしがくいんだい
3454,山梨英和大,,,,,review,やまなしひでかずだい
3455,健康科学大,,,,,review,けんこうかがくだい
3462,松本歯大,,,,,review,まつもとはだい
3463,松本大,,,,,review,まつもとまさる
3465,清泉大,,,,,review,せいせんだい
3466,佐久大,,,,,review,さくまさる
3467,長野保健医療大,,,,,review,ながのほけんいりょうだい
3468,松本看護大,,,,,review,まつもとかんごだい
3481,朝日大,,,,,review,あさひまさる
3482,岐阜協立大,,,,,review,ぎふきょうりつだい
3483,岐阜女子大,,,,,review,ぎふじょしだい
3484,岐阜聖徳学園大,,,,,review,ぎふしょうとくがくえんだい
3485,中京学院大,,,,,review,ちゅうきょうがくいんだい
3486,東海学院大,,,,,review,とうかいがくいんだい
3487,中部学院大,,,,,review,ちゅうぶがくいんだい
3488,岐阜医療科学大,,,,,review,ぎふいりょうかがくだい
3489,岐阜保健大,,,,,review,ぎふほけんだい
3490,コー・イノベ大,,,,,review,こー・いのべだい
3501,静岡産業大,,,,,review,しずおかさんぎょうだい
3502,静岡理工科大,,,,,review,しずおかりこうかだい
3503,聖隷クリスト大,,,,,review,せいれいくりすとだい
3504,常葉大,,,,,review,とこはだい
3508,静岡英和学院大,,,,,review,しずおかえいわがくいんだい
3509,浜松学院大,,,,,review,はままつがくいんだい
3510,静岡福祉大,,,,,review,しずおかふくしだい
3521,愛知大,,,,,review,あいちだい
3522,愛知医大,,,,,review,あいちいだい
3523,愛知学院大,,,,,review,あいちがくいんだい
3524,愛知学泉大,,,,,review,あいちがくせんだい
3525,愛知工業大,,,,,review,あいちこうぎょうだい
3526,愛知産業大,,,,,review,あいちさんぎょうだい
3527,愛知淑徳大,,,,,review,あいちしゅくとくだい
3528,愛知みずほ大,,,,,review,あいちみずほだい
3529,金城学院大,,,,,review,きんじょうがくいんだい
3530,椙山女学園大,,,,,review,すぎやまじょがくえんだい
3531,大同大,,,,,review,だいどうだい
3532,中京大,,,,,review,ちゅうきょうだい
3533,至学館大,,,,,review,しがくかんだい
3534,中部大,,,,,review,ちゅうぶだい
3535,東海学園大,,,,,review,とうかいがくえんだい
3536,同朋大,,,,,review,どうほうだい
3537,豊田工大,,,,,review,とよたこうだい
3538,名古屋音大,,,,,review,なごやおんだい
3539,名古屋外大,,,,,review,なごやがいだい
3540,名古屋学院大,,,,,review,なごやがくいんだい
3541,名古屋経大,,,,,review,なごやきょうだい
3542,名古屋芸大,,,,,review,なごやげいだい
3543,名古屋商大,,,,,review,なごやしょうだい
3544,名古屋葵大,,,,,review,なごやあおいだい
3545,名古屋造形大,,,,,review,なごやぞうけいだい
3546,南山大,,,,,review,なんざんだい
3547,日本福祉大,,,,,review,にほんふくしだい
3548,藤田医大,,,,,review,ふじたいだい
3549,名城大,,,,,review,めいじょうだい
3550,豊橋創造大,,,,,review,とよはしそうぞうだい
3551,愛知文教大,,,,,review,あいちぶんきょうだい
3552,桜花学園大,,,,,review,おうかがくえんだい
3553,名古屋文理大,,,,,review,なごやぶんりだい
3554,愛知工科大,,,,,review,あいちこうかだい
3555,名古屋産大,,,,,review,なごやさんだい
3556,人間環境大,,,,,review,にんげんかんきょうだい
3557,愛知東邦大,,,,,review,あいちとうほうだい
3558,星城大,,,,,review,ほししろまさる
3559,名古屋学芸大,,,,,review,なごやがくげいだい
3560,日赤豊田看護大,,,,,review,にっせきとよたかんごだい
3562,修文大,,,,,review,しゅうぶんまさる
3563,岡崎大,,,,,review,おかざきまさる
3564,一宮研伸大,,,,,review,いちみやけんしんだい
3568,愛知医療学院大,,,,,review,あいちいりょうがくいんだい
3571,皇学館大,,,,,review,こうがくかんだい
3572,鈴鹿医療科学大,,,,,review,すずかいりょうかがくだい
3573,鈴鹿大,,,,,review,すずかまさる
3575,四日市大,,,,,review,よっかいちだい
3576,四日市看護医大,,,,,review,よっかいちかんごいだい
3581,成安造形大,,,,,review,せいあんぞうけいだい
3582,平安女学院大,,,,,review,へいあんじょがくいんだい
3583,長浜バイオ大,,,,,review,ながはまばいおだい
3584,びわこ成蹊大,,,,,review,びわこせいけいだい
3585,聖泉大,,,,,review,せいせんだい
3586,びわこ学院大,,,,,review,びわこがくいんだい
3587,びわこリハ職大,,,,,review,びわこりはしょくだい
3591,大谷大,,,,,review,おおたにまさる
3592,京都外大,,,,,review,きょうとがいだい
3593,京都先端科学大,,,,,review,きょうとせんたんかがくだい
3594,京都産業大,,,,,review,きょうとさんぎょうだい
3595,京都女子大,,,,,review,きょうとじょしだい
3596,京都精華大,,,,,review,きょうとせいかだい
3597,京都芸術大,,,,,review,きょうとげいじゅつだい
3598,京都橘大,,,,,review,きょうとたちばなだい
3599,京都薬大,,,,,review,きょうとやくだい
3600,京都光華大,,,,,review,きょうとこうかだい
3601,種智院大,,,,,review,しゅちいんだい
3602,同志社大,,,,,review,どうししゃだい
3603,同志社女子大,,,,,review,どうししゃじょしだい
3605,花園大,,,,,review,はなぞのまさる
3606,佛教大,,,,,review,ぶっきょうだい
3607,明治国際医療大,,,,,review,めいじこくさいいりょうだい
3608,立命館大,,,,,review,りつめいかんだい
3609,龍谷大,,,,,review,りゅうこくだい
3610,京都文教大,,,,,review,きょうとぶんきょうだい
3612,嵯峨美大,,,,,review,さがみまさる
3613,京都医療科学大,,,,,review,きょうといりょうかがくだい
3614,京都華頂大,,,,,review,きょうとかちょうだい
3615,京都美術工芸大,,,,,review,きょうとびじゅつこうげいだい
3616,京都看護大,,,,,review,きょうとかんごだい
3626,追手門学院大,,,,,review,おうてもんがくいんだい
3627,大阪医薬大,,,,,review,おおさかいやくだい
3628,大阪音大,,,,,review,おおさかおんだい
3629,大阪学院大,,,,,review,おおさかがくいんだい
3630,大阪経大,,,,,review,おおさかきょうだい
3631,大阪芸大,,,,,review,おおさかげいだい
3632,大阪経済法科大,,,,,review,おおさかけいざいほうかだい
3633,大阪工大,,,,,review,おおさかこうだい
3634,大阪国際大,,,,,review,おおさかこくさいだい
3636,大阪産大,,,,,review,おおさかさんだい
3637,大阪歯大,,,,,review,おおさかはだい
3638,大阪商大,,,,,review,おおさかしょうだい
3639,大阪樟蔭女子大,,,,,review,おおさかしょういんじょしだい
3640,大阪体育大,,,,,review,おおさかたいいくだい
3641,大阪電気通信大,,,,,review,おおさかでんきつうしんだい
3643,大阪大谷大,,,,,review,おおさかおおたにまさる
3644,関西大,,,,,review,かんさいだい
3645,関西医大,,,,,review,かんさいいだい
3646,関西外大,,,,,review,かんさいがいだい
3647,近畿大,,,,,review,きんきだい
3648,四天王寺大,,,,,review,してんのうじだい
3649,摂南大,,,,,review,せつなんだい
3650,相愛大,,,,,review,そうあいだい
3651,帝塚山学院大,,,,,review,てづかやまがくいんだい
3652,梅花女子大,,,,,review,ばいかじょしだい
3653,阪南大,,,,,review,はんなんだい
3654,桃山学院大,,,,,review,ももやまがくいんだい
3656,関西福祉科学大,,,,,review,かんさいふくしかがくだい
3657,太成学院大,,,,,review,たいせいがくいんだい
3658,大阪常磐会大,,,,,review,おおさかときわかいだい
3659,大阪観光大,,,,,review,おおさかかんこうだい
3660,大阪人間科学大,,,,,review,おおさかにんげんかがくだい
3661,羽衣国際大,,,,,review,はごろもこくさいだい
3662,大阪成蹊大,,,,,review,おおさかせいけいだい
3663,千里金蘭大,,,,,review,せんりきんらんだい
3664,東大阪大,,,,,review,ひがしおおさかだい
3665,関西医療大,,,,,review,かんさいいりょうだい
3666,大阪女学院大,,,,,review,おおさかじょがくいんだい
3667,藍野大,,,,,review,あいのだい
3668,大阪青山大,,,,,review,おおさかあおやままさる
3669,四條畷学園大,,,,,review,しじょうなわてがくえんだい
3670,大阪総合保育大,,,,,review,おおさかそうごうほいくだい
3671,和泉大,,,,,review,いずみまさる
3672,森ノ宮医療大,,,,,review,もりのみやいりょうだい
3673,大阪保健医療大,,,,,review,おおさかほけんいりょうだい
3674,大阪物療大,,,,,review,おおさかぶつりょうだい
3675,大阪行岡医療大,,,,,review,おおさかゆきおかいりょうだい
3677,大和大,,,,,review,やまとまさる
3680,滋慶医療科学大,,,,,review,じけいいりょうかがくだい
3682,大阪信愛学院大,,,,,review,おおさかしんあいがくいんだい
3683,大阪医療大,,,,,review,おおさかいりょうだい
3691,芦屋大,,,,,review,あしやだい
3693,大手前大,,,,,review,おおてまえだい
3694,関西学院大,,,,,review,かんせいがくいんだい
3695,甲子園大,,,,,review,こうしえんだい
3696,甲南大,,,,,review,こうなんだい
3697,甲南女子大,,,,,review,こうなんじょしだい
3699,神戸学院大,,,,,review,こうべがくいんだい
3700,神戸芸術工科大,,,,,review,こうべげいじゅつこうかだい
3701,神戸国際大,,,,,review,こうべこくさいだい
3702,神戸女学院大,,,,,review,こうべじょがくいんだい
3703,神戸女子大,,,,,review,こうべじょしだい
3704,神戸薬大,,,,,review,こうべやくだい
3705,神戸松蔭大,,,,,review,こうべしょういんだい
3706,神戸親和大,,,,,review,こうべしんわだい
3708,園田学園大,,,,,review,そのだがくえんだい
3709,宝塚大,,,,,review,たからづかだい
3710,姫路獨協大,,,,,review,ひめじどっきょうだい
3711,兵庫医大,,,,,review,ひょうごいだい
3712,兵庫大,,,,,review,ひょうごだい
3713,武庫川女子大,,,,,review,むこがわじょしだい
3714,流通科学大,,,,,review,りゅうつうかがくだい
3715,関西福祉大,,,,,review,かんさいふくしだい
3716,関西国際大,,,,,review,かんさいこくさいだい
3718,神戸医療未来大,,,,,review,こうべいりょうみらいだい
3720,関西看護医療大,,,,,review,かんさいかんごいりょうだい
3722,姫路大,,,,,review,ひめじまさる
3724,神戸常盤大,,,,,review,こうべときわまさる
3725,宝塚医療大,,,,,review,たからづかいりょうだい
3731,帝塚山大,,,,,review,てづかやまだい
3732,天理大,,,,,review,てんりだい
3733,奈良大,,,,,review,ならだい
3734,奈良学園大,,,,,review,ならがくえんだい
3735,畿央大,,,,,review,きおうだい
3746,高野山大,,,,,review,こうやさんだい
3747,和歌山信愛大,,,,,review,わかやましんあいだい
3748,和歌山リハ職大,,,,,review,わかやまりはしょくだい
3757,鳥取看護大,,,,,review,とっとりかんごだい
3776,岡山商大,,,,,review,おかやましょうだい
3777,岡山理大,,,,,review,おかやまみちひろ
3778,川崎医大,,,,,review,かわさきいだい
3779,川崎医療福祉大,,,,,review,かわさきいりょうふくしだい
3780,吉備国際大,,,,,review,きびこくさいだい
3781,倉敷芸術科学大,,,,,review,くらしきげいじゅつかがくだい
3782,くらしき作陽大,,,,,review,くらしきさくようだい
3783,山陽学園大,,,,,review,さんようがくえんだい
3784,就実大,,,,,review,しゅうじつだい
3785,清心女子大,,,,,review,ちょんしんじょしだい
3786,美作大,,,,,review,みまさかだい
3787,岡山学院大,,,,,review,おかやまがくいんだい
3788,中国学園大,,,,,review,ちゅうごくがくえんだい
3789,環太平洋大,,,,,review,かんたいへいようだい
3790,岡山医療職大,,,,,review,おかやまいりょうしょくだい
3796,エリザベト音大,,,,,review,えりざべとおんだい
3797,広島文化学園大,,,,,review,ひろしまぶんかがくえんだい
3798,比治山大,,,,,review,ひじやまだい
3799,広島経大,,,,,review,ひろしまきょうだい
3800,広島工大,,,,,review,ひろしまこうだい
3801,広島修道大,,,,,review,ひろしましゅうどうだい
3802,広島女学院大,,,,,review,ひろしまじょがくいんだい
3804,広島文教大,,,,,review,ひろしまぶんきょうだい
3805,福山大,,,,,review,ふくやまだい
3806,福山平成大,,,,,review,ふくやまへいせいだい
3807,安田女子大,,,,,review,やすだじょしだい
3808,広島国際大,,,,,review,ひろしまこくさいだい
3810,日赤広島看護大,,,,,review,にっせきひろしまかんごだい
3811,広島都市学園大,,,,,review,ひろしまとしがくえんだい
3816,東亜大,,,,,review,とうあだい
3818,梅光学院大,,,,,review,ばいこうがくいんだい
3820,至誠館大,,,,,review,しせいかんだい
3821,フロンティア大,,,,,review,ふろんてぃあだい
3822,山口学芸大,,,,,review,やまぐちがくげいだい
3831,四国大,,,,,review,しこくだい
3832,徳島文理大,,,,,review,とくしまぶんりだい
3841,四国学院大,,,,,review,しこくがくいんだい
3842,高松大,,,,,review,たかまつまさる
3851,聖カタリナ大,,,,,review,せいかたりなだい
3852,松山大,,,,,review,まつやままさる
3853,松山東雲女子大,,,,,review,まつやましののめじょしだい
3863,高知リハ職大,,,,,review,こうちりはしょくだい
3864,高知学園大,,,,,review,こうちがくえんだい
3865,高知健康科学大,,,,,review,こうちけんこうかがくだい
3871,九州共立大,,,,,review,きゅうしゅうきょうりつだい
3872,九州国際大,,,,,review,きゅうしゅうこくさいだい
3873,九州産大,,,,,review,きゅうしゅうさんだい
3874,九州女子大,,,,,review,きゅうしゅうじょしだい
3875,久留米大,,,,,review,くるめだい
3876,久留米工大,,,,,review,くるめこうだい
3877,産業医大,,,,,review,さんぎょういだい
3878,西南学院大,,,,,review,せいなんがくいんだい
3879,西南女学院大,,,,,review,せいなんじょがくいんだい
3880,日本経大,,,,,review,にほんきょうだい
3881,第一薬大,,,,,review,だいいちくすりだい
3882,筑紫女学園大,,,,,review,ちくしじょがくえんだい
3884,中村学園大,,,,,review,なかむらがくえんだい
3885,西日本工大,,,,,review,にしにほんこうだい
3886,福岡大,,,,,review,ふくおかだい
3887,福岡工大,,,,,review,ふくおかこうだい
3888,福岡歯大,,,,,review,ふくおかはだい
3889,福岡女学院大,,,,,review,ふくおかじょがくいんだい
3890,九州情報大,,,,,review,きゅうしゅうじょうほうだい
3892,九州栄養福祉大,,,,,review,きゅうしゅうえいようふくしだい
3893,日赤九州看護大,,,,,review,にっせききゅうしゅうかんごだい
3895,聖マリア学院大,,,,,review,せいまりあがくいんだい
3896,福岡女学看護大,,,,,review,ふくおかじょがくかんごだい
3898,純真学園大,,,,,review,じゅんしんがくえんだい
3899,福岡看護大,,,,,review,ふくおかかんごだい
3900,福岡国際医福大,,,,,review,ふくおかこくさいいふくだい
3902,令和健康科学大,,,,,review,れいわけんこうかがくだい
3904,福岡国際音大,,,,,review,ふくおかこくさいおんだい
3905,西日本看護医大,,,,,review,にしにほんかんごいだい
3906,西九州大,,,,,review,にしきゅうしゅうだい
3907,武雄アジア大,,,,,review,たけおあじあだい
3916,活水女子大,,,,,review,かっすいじょしだい
3917,長崎純心大,,,,,review,ながさきじゅんしんだい
3918,長崎総合科学大,,,,,review,ながさきそうごうかがくだい
3919,長崎国際大,,,,,review,ながさきこくさいだい
3920,長崎外大,,,,,review,ながさきがいだい
3921,鎮西学院大,,,,,review,ちんぜいがくいんだい
3932,熊本学園大,,,,,review,くまもとがくえんだい
3933,崇城大,,,,,review,そうじょうだい
3934,尚絅大,,,,,review,しょうけいだい
3935,九州ルーテル大,,,,,review,きゅうしゅうるーてるだい
3936,九州看護福祉大,,,,,review,きゅうしゅうかんごふくしだい
3937,平成音大,,,,,review,へいせいおんだい
3938,熊本保健科学大,,,,,review,くまもとほけんかがくだい
3946,日本文理大,,,,,review,にっぽんぶんりだい
3947,別府大,,,,,review,べっぷまさる
3948,立命館アジア大,,,,,review,りつめいかんあじあだい
3956,南九州大,,,,,review,みなみきゅうしゅうだい
3957,宮崎国際大,,,,,review,みやざきこくさいだい
3958,宮崎産業経営大,,,,,review,みやざきさんぎょうけいえいだい
3959,九州医療科学大,,,,,review,きゅうしゅういりょうかがくだい
3966,鹿児島国際大,,,,,review,かごしまこくさいだい
3967,鹿児島純心大,,,,,review,かごしまじゅんしんだい
3968,志学館大,,,,,review,しがくかんだい
3969,第一工科大,,,,,review,だいいちこうかだい
3976,沖縄大,,,,,review,おきなわだい
3977,沖縄国際大,,,,,review,おきなわこくさいだい
3979,沖縄キリスト大,,,,,review,おきなわきりすとだい
4147,防衛医科大学校,,,,,review,ぼうえいいかだいがっこう
4191,気象大学校,,,,,review,きしょうだいがっこう
4231,航空保安大学校,,,,,review,こうくうほあんだいがっこう
4234,国立看護大学校,,,,,review,こくりつかんごだいがっこう
4362,職業能開大学校,,,,,review,しょくぎょうのうかいだいがっこう
4363,防衛大学校,,,,,review,ぼうえいだいがっこう
4796,海上保安大学校,,,,,review,かいじょうほあんだいがっこう
4816,水産大学校,,,,,review,すいさんだいがっこう
5003,旭川市立大短大,,,,,review,あさひかわしりつだいたんだい
5056,岩手県大宮古短,,,,,review,いわてけんおおみやふるたん
5057,岩手県大盛岡短,,,,,review,いわてけんだいもりおかたん
5090,山形県米沢女短,,,,,review,やまがたけんよねざわおんなたん
5098,会津大短大部,,,,,review,あいづだいたんだいぶ
5451,大月短,,,,,review,おおつきたん
5481,岐阜市立女短,,,,,review,ぎふしりつおんなたん
5501,静岡県大短大部,,,,,review,しずおかけんだいたんだいぶ
5502,静岡農林職大短,,,,,review,しずおかのうりんしょくだいたん
5571,津市立三重短,,,,,review,つしりつみえたん
5767,島根県大短大部,,,,,review,しまねけんだいたんだいぶ
5778,倉敷市立短,,,,,review,くらしきしりつたん
5946,大分県芸文化短,,,,,review,おおいたけんげいぶんかたん
5966,鹿児島県立短,,,,,review,かごしまけんりつたん
6003,帯広大谷短,,,,,review,おびひろおおたにたん
6005,光塩学園短,,,,,review,こうえんがくえんたん
6006,国学院北海道短,,,,,review,こくがくいんほっかいどうたん
6008,札幌大谷大短大,,,,,review,さっぽろおおたにだいたんだい
6015,函館短,,,,,review,はこだてたん
6016,函館大谷短,,,,,review,はこだておおたにたん
6022,北翔大短大部,,,,,review,ほくしょうまさるたんだいぶ
6025,北海道武蔵女短,,,,,review,ほっかいどうむさしおんなたん
6043,青森中央短,,,,,review,あおもりちゅうおうたん
6044,八戸学院大短大,,,,,review,はちのへがくいんだいたんだい
6045,柴田学園大短大,,,,,review,しばたがくえんだいたんだい
6047,弘前医療福祉短,,,,,review,ひろさきいりょうふくしたん
6056,修紅短,,,,,review,しゅうべにたん
6059,盛岡大短大部,,,,,review,もりおかだいたんだいぶ
6067,聖和学園短,,,,,review,せいわがくえんたん
6069,仙台青葉学院短,,,,,review,せんだいあおばがくいんたん
6070,東北生活文化短,,,,,review,とうほくせいかつぶんかたん
6071,仙台赤門短,,,,,review,せんだいあかもんたん
6072,宮城誠真短,,,,,review,みやぎせいしんたん
6081,秋田栄養短,,,,,review,あきたえいようたん
6082,聖霊女短,,,,,review,せいれいおんなたん
6083,聖園学園短,,,,,review,みそのがくえんたん
6085,日赤東北看護短,,,,,review,にっせきとうほくかんごたん
6091,羽陽学園短,,,,,review,うようがくえんたん
6092,東北文教大短大,,,,,review,とうほくぶんきょうだいたんだい
6098,いわき短,,,,,review,いわきたん
6099,郡山女大短大部,,,,,review,こおりやまおんなだいたんだいぶ
6100,桜の聖母短,,,,,review,さくらのせいぼたん
6101,福島学院大短大,,,,,review,ふくしまがくいんだいたんだい
6106,茨城女短,,,,,review,いばらきおんなたん
6109,つくば国際短,,,,,review,つくばこくさいたん
6111,常磐短,,,,,review,じょうばんたん
6120,宇都宮短,,,,,review,うつのみやたん
6123,作新学院大短大,,,,,review,さくしんがくいんだいたんだい
6124,佐野日本大短,,,,,review,さのにほんだいたん
6127,那須短,,,,,review,なすたん
6132,育英短,,,,,review,いくえいたん
6135,ぐんま未来大短,,,,,review,ぐんまみらいだいたん
6138,高崎商大短大部,,,,,review,たかさきしょうだいたんだいぶ
6139,新島学園短,,,,,review,にいじまがくえんたん
6141,群馬医療福祉短,,,,,review,ぐんまいりょうふくしたん
6147,秋草学園短,,,,,review,あきくさがくえんたん
6149,上野学園短,,,,,review,うえのがくえんたん
6151,川口短,,,,,review,かわぐちたん
6153,国際学院埼玉短,,,,,review,こくさいがくいんさいたまたん
6155,埼玉医大短,,,,,review,さいたまいだいたん
6156,埼玉純真短,,,,,review,さいたまじゅんしんたん
6157,埼玉女短,,,,,review,さいたまおんなたん
6160,埼玉東萌短,,,,,review,さいたまひがしはじめたん
6163,武蔵丘短,,,,,review,むさしのおかたん
6164,武蔵野短,,,,,review,むさしのたん
6165,山村学園短,,,,,review,やまむらがくえんたん
6194,昭和学院短,,,,,review,しょうわがくいんたん
6195,聖徳大短大部,,,,,review,せいとくだいたんだいぶ
6196,清和大短大部,,,,,review,せいわだいたんだいぶ
6198,敬愛短,,,,,review,けいあいたん
6199,千葉経済大短大,,,,,review,ちばけいざいだいたんだい
6200,千葉明徳短,,,,,review,ちばめいとくたん
6231,愛国学園短,,,,,review,あいこくがくえんたん
6237,大妻女大短大部,,,,,review,だいさいじょだいたんだいぶ
6239,有明教育芸術短,,,,,review,ありあけきょういくげいじゅつたん
6241,共立女短,,,,,review,きょうりつおんなたん
6245,国際短,,,,,review,こくさいたん
6248,駒沢女短,,,,,review,こまざわおんなたん
6253,日本栄養大短大,,,,,review,にほんえいようだいたんだい
6254,女子美大短大部,,,,,review,じょしびだいたんだいぶ
6255,白梅学園短,,,,,review,はくばいがくえんたん
6266,フェリシア短,,,,,review,ふぇりしあたん
6267,帝京短,,,,,review,ていきょうたん
6268,帝京大短,,,,,review,ていきょうだいたん
6269,戸板女短,,,,,review,といたおんなたん
6273,東京歯大短,,,,,review,とうきょうはだいたん
6274,東京交通短,,,,,review,とうきょうこうつうたん
6275,ヤマザキ動職短,,,,,review,やまざきどうしょくたん
6278,東京女子体育短,,,,,review,とうきょうじょしたいいくたん
6279,東京成徳短,,,,,review,とうきょうせいとくたん
6282,新渡戸文化短,,,,,review,にとべぶんかたん
6283,東京立正短,,,,,review,とうきょうりっしょうたん
6284,東邦音楽短,,,,,review,とうほうおんがくたん
6285,桐朋学園芸術短,,,,,review,とうほうがくえんげいじゅつたん
6292,日本大短大部,,,,,review,にほんだいたんだいぶ
6301,目白大短大部,,,,,review,めじろだいたんだいぶ
6302,山野美容芸術短,,,,,review,やまのびようげいじゅつたん
6306,日本歯大東京短,,,,,review,にほんはだいとうきょうたん
6361,和泉短,,,,,review,いずみたん
6362,小田原短,,,,,review,おだわらたん
6364,鎌倉女大短大部,,,,,review,かまくらおんなだいたんだいぶ
6370,神奈川歯大短大,,,,,review,かながわはだいたんだい
6372,湘北短,,,,,review,しょうほくたん
6373,昭和音大短大部,,,,,review,しょうわおんだいたんだいぶ
6375,洗足こども短,,,,,review,せんぞくこどもたん
6377,鶴見大短大部,,,,,review,つるみだいたんだいぶ
6403,新潟青陵大短大,,,,,review,にいがたせいりょうだいたんだい
6404,新潟中央短,,,,,review,にいがたちゅうおうたん
6405,日本歯大新潟短,,,,,review,にほんはだいにいがたたん
6406,明倫短,,,,,review,めいりんたん
6417,富山短,,,,,review,とやまたん
6418,富山福祉短,,,,,review,とやまふくしたん
6426,金沢学院短,,,,,review,かなざわがくいんたん
6427,金城大短大部,,,,,review,きんじょうだいたんだいぶ
6429,金沢星稜大女短,,,,,review,かなざわせいりょうだいおんなたん
6441,仁愛女短,,,,,review,じんあいおんなたん
6451,帝京学園短,,,,,review,ていきょうがくえんたん
6454,山梨学院短,,,,,review,やまなしがくいんたん
6461,飯田短,,,,,review,いいだたん
6462,上田短,,,,,review,うえだたん
6464,信州豊南短,,,,,review,しんしゅうほうなんたん
6465,清泉大短大部,,,,,review,せいせんだいたんだいぶ
6468,長野短,,,,,review,ながのたん
6469,松本大松商短大,,,,,review,まつもとまさるまつしょうたんだい
6470,松本短,,,,,review,まつもとたん
6481,大垣女短,,,,,review,おおがきおんなたん
6483,正眼短,,,,,review,しょうげんたん
6485,高山自動車短,,,,,review,たかやまじどうしゃたん
6486,中京学院大短大,,,,,review,ちゅうきょうがくいんだいたんだい
6487,中部学院大短大,,,,,review,ちゅうぶがくいんだいたんだい
6488,東海学院大短大,,,,,review,とうかいがくいんだいたんだい
6489,中日本自動車短,,,,,review,なかにほんじどうしゃたん
6491,平成医療短,,,,,review,へいせいいりょうたん
6501,静岡英和大短大,,,,,review,しずおかえいわだいたんだい
6506,常葉大短大部,,,,,review,とこはだいたんだいぶ
6508,浜松学院大短大,,,,,review,はままつがくいんだいたんだい
6521,愛知学院大短大,,,,,review,あいちがくいんだいたんだい
6522,愛知学泉大短大,,,,,review,あいちがくせんだいたんだい
6523,愛知自動車短,,,,,review,あいちじどうしゃたん
6526,愛知大短大部,,,,,review,あいちだいたんだいぶ
6528,愛知みずほ短,,,,,review,あいちみずほたん
6529,修文大短大部,,,,,review,しゅうぶんまさるたんだいぶ
6532,岡崎短,,,,,review,おかざきたん
6543,豊橋創造大短大,,,,,review,とよはしそうぞうだいたんだい
6544,名古屋短,,,,,review,なごやたん
6546,名古屋経営短,,,,,review,なごやけいえいたん
6548,名古屋文化短,,,,,review,なごやぶんかたん
6551,名古屋文理大短,,,,,review,なごやぶんりだいたん
6558,名古屋柳城短,,,,,review,なごやりゅうじょうたん
6573,高田短,,,,,review,たかだたん
6575,ユマニテク短,,,,,review,ゆまにてくたん
6581,滋賀短,,,,,review,しがたん
6582,びわこ学院大短,,,,,review,びわこがくいんだいたん
6593,華頂短,,,,,review,かちょうたん
6596,京都外語短,,,,,review,きょうとがいごたん
6597,京都経済短,,,,,review,きょうとけいざいたん
6602,京都光華大短大,,,,,review,きょうとこうかだいたんだい
6603,嵯峨美術短,,,,,review,さがびじゅつたん
6605,京都西山短,,,,,review,きょうとにしやまたん
6625,藍野大短大部,,,,,review,あいのだいたんだいぶ
6628,大阪音大短大部,,,,,review,おおさかおんだいたんだいぶ
6629,大阪学院大短大,,,,,review,おおさかがくいんだいたんだい
6630,大阪キリスト短,,,,,review,おおさかきりすとたん
6633,大阪国際大短大,,,,,review,おおさかこくさいだいたんだい
6635,大阪総合保育短,,,,,review,おおさかそうごうほいくたん
6636,大阪女学院短,,,,,review,おおさかじょがくいんたん
6638,夕陽丘学園短,,,,,review,ゆうひがおかがくえんたん
6640,大阪成蹊短,,,,,review,おおさかせいけいたん
6641,大阪千代田短,,,,,review,おおさかちよだたん
6646,関西外大短大部,,,,,review,かんさいがいだいたんだいぶ
6647,関西女短,,,,,review,かんさいおんなたん
6650,近畿大短大部,,,,,review,きんきだいたんだいぶ
6652,堺女短,,,,,review,さかいおんなたん
6653,四條畷学園短,,,,,review,しじょうなわてがくえんたん
6654,四天王寺大短大,,,,,review,してんのうじだいたんだい
6659,大阪常磐会大短,,,,,review,おおさかときわかいだいたん
6660,大阪芸術大短大,,,,,review,おおさかげいじゅつだいたんだい
6664,東大阪大短大部,,,,,review,ひがしおおさかだいたんだいぶ
6668,大阪健康福祉短,,,,,review,おおさかけんこうふくしたん
6693,豊岡短,,,,,review,とよおかたん
6704,神戸教育短,,,,,review,こうべきょういくたん
6707,関西学院短,,,,,review,かんせいがくいんたん
6709,東洋食品工業短,,,,,review,とうようしょくひんこうぎょうたん
6712,兵庫大短大部,,,,,review,ひょうごだいたんだいぶ
6713,湊川短,,,,,review,みなとがわたん
6715,大手前短,,,,,review,おおてまえたん
6734,奈良芸術短,,,,,review,ならげいじゅつたん
6737,大和大白鳳短大,,,,,review,やまとだいはくほうたんだい
6756,鳥取短,,,,,review,とっとりたん
6776,岡山短,,,,,review,おかやまたん
6777,川崎医療短,,,,,review,かわさきいりょうたん
6779,作陽短,,,,,review,さくようたん
6780,山陽学園短,,,,,review,さんようがくえんたん
6783,中国短,,,,,review,ちゅうごくたん
6797,山陽女短,,,,,review,さんようおんなたん
6800,比治山大短大部,,,,,review,ひじやまだいたんだいぶ
6805,広島文化学園短,,,,,review,ひろしまぶんかがくえんたん
6816,岩国短,,,,,review,いわくにたん
6817,フロンティア短,,,,,review,ふろんてぃあたん
6818,下関短,,,,,review,しものせきたん
6823,山口短,,,,,review,やまぐちたん
6824,山口芸術短,,,,,review,やまぐちげいじゅつたん
6831,四国大短大部,,,,,review,しこくだいたんだいぶ
6832,徳島工業短,,,,,review,とくしまこうぎょうたん
6833,徳島文理大短大,,,,,review,とくしまぶんりだいたんだい
6841,香川短,,,,,review,かがわたん
6845,高松短,,,,,review,たかまつたん
6846,せとうち観職短,,,,,review,せとうちかんしょくたん
6851,今治明徳短,,,,,review,いまばりめいとくたん
6853,聖カタリナ大短,,,,,review,せいかたりなおおたん
6854,松山短,,,,,review,まつやまたん
6855,松山東雲短,,,,,review,まつやましののめたん
6861,高知学園短,,,,,review,こうちがくえんたん
6872,折尾愛真短,,,,,review,おりおあいしんたん
6873,九州大谷短,,,,,review,きゅうしゅうおおたにたん
6874,九州女短,,,,,review,きゅうしゅうおんなたん
6875,九州産大造形短,,,,,review,きゅうしゅうさんだいぞうけいたん
6878,近畿大九州短,,,,,review,きんきだいきゅうしゅうたん
6880,香蘭女短,,,,,review,こうらんおんなたん
6883,精華女短,,,,,review,せいかおんなたん
6886,福岡こども短,,,,,review,ふくおかこどもたん
6889,中村学園大短大,,,,,review,なかむらがくえんだいたんだい
6890,西日本短,,,,,review,にしにほんたん
6891,東筑紫短,,,,,review,ひがしちくしたん
6892,福岡工大短大部,,,,,review,ふくおかこうだいたんだいぶ
6894,福岡短,,,,,review,ふくおかたん
6895,福岡医療短,,,,,review,ふくおかいりょうたん
6907,西九州大短大部,,,,,review,にしきゅうしゅうだいたんだいぶ
6908,佐賀女短,,,,,review,さがおんなたん
6919,長崎短,,,,,review,ながさきたん
6922,長崎女短,,,,,review,ながさきおんなたん
6935,尚絅大短大部,,,,,review,しょうけいだいたんだいぶ
6946,大分短,,,,,review,だいぶたん
6947,東九州短,,,,,review,ひがしきゅうしゅうたん
6948,別府溝部学園短,,,,,review,べっぷみぞべがくえんたん
6949,別府大短大部,,,,,review,べっぷだいたんだいぶ
6958,宮崎学園短,,,,,review,みやざきがくえんたん
6968,鹿児島女短,,,,,review,かごしまおんなたん
6969,第一幼児教育短,,,,,review,だいいちようじきょういくたん
6976,沖縄キリスト短,,,,,review,おきなわきりすとたん
6978,沖縄女短,,,,,review,おきなわおんなたん
7007,旭川荘厚生専門,,,,,review,あさひかわそうこうせいせんもん
7011,岩手医大医療専,,,,,review,いわていだいいりょうせん
7012,岩手リハビリテ,,,,,review,いわてりはびりて
7014,愛媛十全医療学,,,,,review,えひめじゅうぜんいりょうがく
7015,大分県歯科技専,,,,,review,おおいたけんしかぎせん
7023,大阪大歯附歯技,,,,,review,おおさかだいはふはわざ
7028,大宮歯科衛生士,,,,,review,おおみやしかえいせいし
7038,岐阜県立衛生専,,,,,review,ぎふけんりつえいせいせん
7039,九州医学技術専,,,,,review,きゅうしゅういがくぎじゅつせん
7042,京都保健衛生専,,,,,review,きょうとほけんえいせいせん
7044,近畿大附属看護,,,,,review,きんきだいふぞくかんご
7046,熊本総合医療リ,,,,,review,くまもとそうごういりょうり
7050,群馬歯科衛生士,,,,,review,ぐんましかえいせいし
7056,神戸総合医療専,,,,,review,こうべそうごういりょうせん
7061,札幌医技福歯専,,,,,review,さっぽろいわざふくはせん
7064,滋賀総合保健専,,,,,review,しがそうごうほけんせん
7071,社会医学技術学,,,,,review,しゃかいいがくぎじゅつがく
7073,湘央医学技術専,,,,,review,しょうおういがくぎじゅつせん
7081,トヨタ自動車大,,,,,review,とよたじどうしゃだい
7085,東海医療技術専,,,,,review,とうかいいりょうぎじゅつせん
7086,東海歯科医療専,,,,,review,とうかいしかいりょうせん
7089,東京衛生学園専,,,,,review,とうきょうえいせいがくえんせん
7093,東北歯科専門学,,,,,review,とうほくしかせんもんがく
7105,長崎リハビリテ,,,,,review,ながさきりはびりて
7106,長野公衆衛生専,,,,,review,ながのこうしゅうえいせいせん
7121,函館歯科衛生士,,,,,review,はこだてしかえいせいし
7124,兵庫県立総合衛,,,,,review,ひょうごけんりつそうごうまもる
7141,松本歯科大衛生,,,,,review,まつもとしかだいえいせい
7146,美萩野臨床医専,,,,,review,びはぎのりんしょういせん
7149,宮崎リハビリテ,,,,,review,みやざきりはびりて
7151,山口高等歯衛士,,,,,review,やまぐちこうとうはえじ
7152,北海道医技専門,,,,,review,ほっかいどういわざせんもん
7153,西武学園医技専,,,,,review,せいぶがくえんいぎせん
7155,新潟薬大医技専,,,,,review,にいがたやくだいいぎせん
7158,昭和医療技術専,,,,,review,しょうわいりょうぎじゅつせん
7159,東洋公衆衛生学,,,,,review,とうようこうしゅうえいせいがく
7160,東京電子専門学,,,,,review,とうきょうでんしせんもんがく
7161,東京医学技術専,,,,,review,とうきょういがくぎじゅつせん
7164,横浜高等教育専,,,,,review,よこはまこうとうきょういくせん
7166,大阪行岡医長柄,,,,,review,おおさかぎょうおかいちょうえ
7167,大阪医療技術専,,,,,review,おおさかいりょうぎじゅつせん
7168,日本医療学専門,,,,,review,にほんいりょうがくせんもん
7170,兵庫障害者職能,,,,,review,ひょうごしょうがいしゃしょくのう
7184,京都栄養医療専,,,,,review,きょうとえいよういりょうせん
7200,ＹＭＣＡ米子医,,,,,review,ＹＭＣＡよなごい
7206,行岡医学技術専,,,,,review,ぎょうおかいがくぎじゅつせん
7209,中央医療技術専,,,,,review,ちゅうおういりょうぎじゅつせん
7223,神田外語学院,,,,,review,かんだがいごがくいん
7239,日本工学院専門,,,,,review,にほんこうがくいんせんもん
7287,東海医療工学専,,,,,review,とうかいいりょうこうがくせん
7302,日本理工情報専,,,,,review,にほんりこうじょうほうせん
7357,東海医療科学専,,,,,review,とうかいいりょうかがくせん
7364,日本外国語専門,,,,,review,にほんがいこくごせんもん
7380,日本メディカル,,,,,review,にほんめでぃかる
7402,大阪航空専門学,,,,,review,おおさかこうくうせんもんがく
7404,吉祥寺二葉栄養,,,,,review,きちじょうじふたばえいよう
7417,赤塚美容デザ専,,,,,review,あかつかびようでざせん
7432,埼玉歯科衛生専,,,,,review,さいたましかえいせいせん
7448,竹早教員保育士,,,,,review,たけはやきょういんほいくし
7451,徳島医療福祉専,,,,,review,とくしまいりょうふくしせん
7455,湘央生命科技専,,,,,review,しょうおうせいめいかぎせん
7464,仙台総合医療大,,,,,review,せんだいそうごういりょうだい
7513,熊本歯科衛生士,,,,,review,くまもとしかえいせいし
7514,熊本歯科技術専,,,,,review,くまもとしかぎじゅつせん
7520,聖ヶ丘保育専門,,,,,review,ひじりがおかほいくせんもん
7521,日本工学院八王,,,,,review,にほんこうがくいんはちおう
7557,横浜リハビリテ,,,,,review,よこはまりはびりて
7584,神奈川衛生学園,,,,,review,かながわえいせいがくえん
7637,千葉女子専門学,,,,,review,ちばじょしせんもんがく
7661,麻生リハビリ大,,,,,review,あそうりはびりだい
7663,岩国ＹＭＣＡ専,,,,,review,いわくにＹＭＣＡせん
7673,彰栄保育福祉専,,,,,review,あきらえいほいくふくしせん
7677,玉野総合医療専,,,,,review,たまのそうごういりょうせん
7724,日本リハビリテ,,,,,review,にほんりはびりて
7748,神戸医福専三田,,,,,review,こうべいふくせんみた
7764,道灌山保育福専,,,,,review,どうかんやまほいくふくせん
7769,兵庫歯科衛生士,,,,,review,ひょうごしかえいせいし
7906,修成建設専門学,,,,,review,しゅうせいけんせつせんもんがく
7907,麻生公務員福岡,,,,,review,あそうこうむいんふくおか
7909,麻生工科自動車,,,,,review,あそうこうかじどうしゃ
7910,麻生公務北九州,,,,,review,あそうこうむきたきゅうしゅう
7917,福岡リゾスポ専,,,,,review,ふくおかりぞすぽせん
7918,仙台リゾスポ専,,,,,review,せんだいりぞすぽせん
7919,大阪工業技術専,,,,,review,おおさかこうぎょうぎじゅつせん
7920,京都建築大学校,,,,,review,きょうとけんちくだいがっこう
7921,日本コンピュー,,,,,review,にほんこんぴゅー
7933,平松総合医療専,,,,,review,ひらまつそうごういりょうせん
7942,宮崎こども医療,,,,,review,みやざきこどもいりょう
7951,神戸電子専門学,,,,,review,こうべでんしせんもんがく
7952,中央工学校大阪,,,,,review,ちゅうおうこうがっこうおおさか
7953,岡山情報ビジネ,,,,,review,おかやまじょうほうびじね
7954,新潟法律大学校,,,,,review,にいがたほうりつだいがっこう
7955,東海工業専門学,,,,,review,とうかいこうぎょうせんもんがく
8003,更生看護専門学,,,,,review,こうせいかんごせんもんがく
8004,愛知県総合看護,,,,,review,あいちけんそうごうかんご
8007,秋田県立衛生看,,,,,review,あきたけんりつえいせいかん
8009,ＪＡ旭川厚生看,,,,,review,ＪＡあさひかわこうせいかん
8011,麻生看護大学校,,,,,review,あそうかんごだいがっこう
8012,厚木看護専門学,,,,,review,あつぎかんごせんもんがく
8013,石川県総合看専,,,,,review,いしかわけんそうごうかんせん
8014,市立函館病高看,,,,,review,しりつはこだてやまいこうかん
8015,姫路医師会看専,,,,,review,ひめじいしかいかんせん
8016,市立室蘭看護専,,,,,review,しりつむろらんかんごせん
8021,岩国医療附看護,,,,,review,いわくにいりょうふかんご
8022,岩手県一関高看,,,,,review,いわてけんいちのせきこうかん
8023,岩手県二戸高看,,,,,review,いわてけんにのへこうかん
8024,岩手県宮古高看,,,,,review,いわてけんみやここうかん
8025,岩見沢市立高看,,,,,review,いわみざわしりつこうかん
8029,嬉野医療附看護,,,,,review,うれしのいりょうふかんご
8035,大阪病院附属看,,,,,review,おおさかびょういんふぞくかん
8036,府中看護高等専,,,,,review,ふちゅうかんごこうとうせん
8043,大阪労災看護専,,,,,review,おおさかろうさいかんごせん
8045,太田看護専門学,,,,,review,おおたかんごせんもんがく
8048,大津赤十字看専,,,,,review,おおつせきじゅうじかんせん
8049,大原看護専門学,,,,,review,おおはらかんごせんもんがく
8054,岡山済生会看専,,,,,review,おかやまさいせいかいかんせん
8056,岡山赤十字看専,,,,,review,おかやませきじゅうじかんせん
8057,岡山医療附看護,,,,,review,おかやまいりょうふかんご
8058,岡山労災看護専,,,,,review,おかやまろうさいかんごせん
8061,小澤高等看護学,,,,,review,おざわこうとうかんごがく
8062,小樽市立高等看,,,,,review,おたるしりつこうとうかん
8063,尾道市医師会看,,,,,review,おのみちしいしかいかん
8064,帯広高等看護学,,,,,review,おびひろこうとうかんごがく
8066,函館看護専門学,,,,,review,はこだてかんごせんもんがく
8071,神奈川衛生看護,,,,,review,かながわえいせいかんご
8072,よこはま看護専,,,,,review,よこはまかんごせん
8075,金沢医療附看護,,,,,review,かなざわいりょうふかんご
8078,上天草看護専門,,,,,review,うえあまくさかんごせんもん
8079,亀田医療技術専,,,,,review,かめだいりょうぎじゅつせん
8086,北九州市立看護,,,,,review,きたきゅうしゅうしりつかんご
8088,岐阜県立下呂看,,,,,review,ぎふけんりつげろかん
8090,岐阜市立看護専,,,,,review,ぎふしりつかんごせん
8094,京都第一赤看専,,,,,review,きょうとだいいちあかかんせん
8095,京都第二赤看専,,,,,review,きょうとだいにあかかんせん
8097,京都医療附看助,,,,,review,きょうといりょうふかんたすけ
8099,共立高等看護,,,,,review,きょうりつこうとうかんご
8102,勤医協札幌看専,,,,,review,きんいきょうさっぽろかんせん
8104,釧路市立高等看,,,,,review,くしろしりつこうとうかん
8106,釧路労災看護専,,,,,review,くしろろうさいかんごせん
8107,熊本医療附看護,,,,,review,くまもといりょうふかんご
8108,熊本労災看護専,,,,,review,くまもとろうさいかんごせん
8109,久米田看護専門,,,,,review,くめだかんごせんもん
8111,倉敷中央看護専,,,,,review,くらしきちゅうおうかんごせん
8112,倉吉総合看護専,,,,,review,くらきちそうごうかんごせん
8115,呉共済病院看護,,,,,review,くれきょうさいびょういんかんご
8117,呉医療附呉看護,,,,,review,ごいりょうふくれかんご
8119,鳴門病院附属看,,,,,review,なるとびょういんふぞくかん
8120,苫小牧看護専門,,,,,review,とまこまいかんごせんもん
8128,健和看護学院,,,,,review,けんわかんごがくいん
8137,大阪医療附看護,,,,,review,おおさかいりょうふかんご
8142,三重中央附看護,,,,,review,みえちゅうおうふかんご
8154,滋賀県済生会看,,,,,review,しがけんさいせいかいかん
8157,佐世保市立看護,,,,,review,させぼしりつかんご
8160,三友堂看護専門,,,,,review,みともどうかんごせんもん
8163,滋賀県立看護専,,,,,review,しがけんりつかんごせん
8165,慈恵看護専門学,,,,,review,じけいかんごせんもんがく
8167,浜松厚生看護専,,,,,review,はままつこうせいかんごせん
8170,紀南看護専門学,,,,,review,きのみなみかんごせんもんがく
8173,十全看護専門学,,,,,review,じゅうぜんかんごせんもんがく
8176,昭和医大附看専,,,,,review,しょうわいだいふかんせん
8177,静岡市立静岡看,,,,,review,しずおかしりつしずおかかん
8179,製鉄記念八幡看,,,,,review,せいてつきねんやわたかん
8182,砂川市立病附看,,,,,review,すながわしりつびょうふかん
8184,諏訪赤十字看専,,,,,review,すわせきじゅうじかんせん
8189,仙台医療附看助,,,,,review,せんだいいりょうふかんたすけ
8190,善通寺看護学校,,,,,review,ぜんつうじかんごがっこう
8197,滝川市立高等看,,,,,review,たきかわしりつこうとうかん
8204,津山中央看護専,,,,,review,つやまちゅうおうかんごせん
8208,東京警察病院看,,,,,review,とうきょうけいさつびょういんかん
8209,東京新宿セ附看,,,,,review,とうきょうしんじゅくせふかん
8210,都立板橋看護専,,,,,review,とりついたばしかんごせん
8211,都立荏原看護専,,,,,review,とりつえばらかんごせん
8212,都立青梅看護専,,,,,review,とりつおうめかんごせん
8213,都立北多摩看専,,,,,review,とりつきたたまかんせん
8215,都立広尾看護専,,,,,review,とりつひろおかんごせん
8216,都立府中看護専,,,,,review,とりつふちゅうかんごせん
8222,静岡医療附看護,,,,,review,しずおかいりょうふかんご
8226,東北労災看護専,,,,,review,とうほくろうさいかんごせん
8227,道立旭川高等看,,,,,review,どうりつあさひかわこうとうかん
8229,徳島県総合看護,,,,,review,とくしまけんそうごうかんご
8233,鳥取県立鳥取看,,,,,review,とっとりけんりつとっとりかん
8240,トヨタ看護専門,,,,,review,とよたかんごせんもん
8242,川内看護専門学,,,,,review,せんだいかんごせんもんがく
8244,長岡赤十字看専,,,,,review,ながおかせきじゅうじかんせん
8250,中通高等看護学,,,,,review,なかどおりこうとうかんごがく
8256,新発田病附看専,,,,,review,しばたやまいふかんせん
8258,北海道医療附看,,,,,review,ほっかいどういりょうふかん
8260,日鋼記念看護学,,,,,review,にちはがねきねんかんごがく
8263,函館厚生院看専,,,,,review,はこだてこうせいいんかんせん
8264,浜田医療附看護,,,,,review,はまだいりょうふかんご
8265,浜松市立看護専,,,,,review,はままつしりつかんごせん
8268,播磨看護専門学,,,,,review,はりまかんごせんもんがく
8269,いわき市医療看,,,,,review,いわきしいりょうかん
8276,姫路赤十字看専,,,,,review,ひめじせきじゅうじかんせん
8277,姫路医療附看護,,,,,review,ひめじいりょうふかんご
8279,丹波市立看護専,,,,,review,たんばしりつかんごせん
8281,弘前医療附看護,,,,,review,ひろさきいりょうふかんご
8283,広島市立看護専,,,,,review,ひろしましりつかんごせん
8286,深川市立高看護,,,,,review,ふかがわしりつこうかんご
8287,福井県立看護専,,,,,review,ふくいけんりつかんごせん
8297,富良野看護専門,,,,,review,ふらのかんごせんもん
8301,ポラリス保健看,,,,,review,ぽらりすほけんかん
8302,道立紋別高等看,,,,,review,どうりつもんべつこうとうかん
8308,松山看護専門学,,,,,review,まつやまかんごせんもんがく
8311,横浜中央看護専,,,,,review,よこはまちゅうおうかんごせん
8317,都城医療附看護,,,,,review,みやこのじょういりょうふかんご
8320,名鉄看護専門学,,,,,review,めいてつかんごせんもんがく
8324,山形病院附看護,,,,,review,やまがたびょういんふかんご
8333,中部労災看護専,,,,,review,ちゅうぶろうさいかんごせん
8334,和歌山県立高看,,,,,review,わかやまけんりつこうかん
8338,横浜実践看護専,,,,,review,よこはまじっせんかんごせん
8342,西日本看護専門,,,,,review,にしにほんかんごせんもん
8347,南奈良看護専門,,,,,review,みなみならかんごせんもん
8350,ＰＬ学園衛生看,,,,,review,ＰＬがくえんえいせいかん
8351,関西看護専門学,,,,,review,かんさいかんごせんもんがく
8359,春日井小牧看専,,,,,review,かすがいこまきかんせん
8360,静岡済生会看護,,,,,review,しずおかさいせいかいかんご
8365,藤沢市立看護専,,,,,review,ふじさわしりつかんごせん
8366,横浜市病協看専,,,,,review,よこはましやまいきょうかんせん
8372,慈恵第三看護専,,,,,review,じけいだいさんかんごせん
8373,帝京高等看護学,,,,,review,ていきょうこうなどかんごがく
8376,東京女子医大看,,,,,review,とうきょうじょしいだいかん
8380,日本医大看護専,,,,,review,にほんいだいかんごせん
8386,国際医療専門学,,,,,review,こくさいいりょうせんもんがく
8387,高崎医療附看護,,,,,review,たかさきいりょうふかんご
8388,館林高等看護学,,,,,review,たてばやしこうとうかんごがく
8390,獨協医大附看専,,,,,review,どっきょういだいふかんせん
8391,栃木医療附看護,,,,,review,とちぎいりょうふかんご
8398,清恵会医療専門,,,,,review,きよえかいいりょうせんもん
8401,日本大医附看専,,,,,review,にほんだいいふかんせん
8404,土浦病院附看専,,,,,review,つちうらびょういんふかんせん
8409,聖マリア医看専,,,,,review,せいまりあいかんせん
8412,神戸市医師会看,,,,,review,こうべしいしかいかん
8422,茨城県つくば看,,,,,review,いばらきけんつくばかん
8423,さいたま市高看,,,,,review,さいたましこうかん
8424,大阪済生中津看,,,,,review,おおさかさいせいなかつかん
8425,西神看護専門学,,,,,review,にしがみかんごせんもんがく
8429,都立南多摩看専,,,,,review,とりつみなみたまかんせん
8430,埼玉県高等看護,,,,,review,さいたまけんこうとうかんご
8432,慈恵柏看護専門,,,,,review,じけいかしわかんごせんもん
8434,佐賀好生館看護,,,,,review,さがこうせいかんかんご
8436,茨城県結城看専,,,,,review,いばらきけんゆうきかんせん
8444,ＪＲ東京総合病,,,,,review,ＪＲとうきょうそうごうびょう
8448,旭中央病院附看,,,,,review,あさひちゅうおうびょういんふかん
8450,西宮市医師会看,,,,,review,にしのみやしいしかいかん
8455,瀬戸旭看護専門,,,,,review,せとあさひかんごせんもん
8461,横浜医療附看護,,,,,review,よこはまいりょうふかんご
8464,松下看護専門学,,,,,review,まつしたかんごせんもんがく
8465,奈良看護大学校,,,,,review,ならかんごだいがっこう
8466,熊本看護専門学,,,,,review,くまもとかんごせんもんがく
8467,天草市立本渡看,,,,,review,あまくさしりつほんどかん
8468,愛仁会看護助産,,,,,review,あいじんかいかんごじょさん
8469,宝塚市立看護専,,,,,review,たからづかしりつかんごせん
8472,関西労災看護専,,,,,review,かんさいろうさいかんごせん
8475,京都府立看護学,,,,,review,きょうとふりつかんごがく
8497,八王子市立看護,,,,,review,はちおうじしりつかんご
8498,公立八鹿病院看,,,,,review,こうりつはちしかびょういんかん
8503,平塚看護大学校,,,,,review,ひらつかかんごだいがっこう
8508,宇和島看護専門,,,,,review,うわじまかんごせんもん
8510,河﨑会看護専門,,,,,review,かわさきかいかんごせんもん
8531,社会事業帯広看,,,,,review,しゃかいじぎょうおびひろかん
8539,横浜労災看護専,,,,,review,よこはまろうさいかんごせん
8548,帝京山梨看護専,,,,,review,ていきょうやまなしかんごせん
8551,博慈会高等看護,,,,,review,はくじかいこうとうかんご
8579,道立江差高等看,,,,,review,どうりつえさしこうとうかん
8590,尼崎健康医療看,,,,,review,あまがさきけんこういりょうかん
8598,大阪済生野江看,,,,,review,おおさかさいせいのえかん
8599,茨城看護大学校,,,,,review,いばらきかんごだいがっこう
8600,大阪警察病看専,,,,,review,おおさかけいさつびょうかんせん
8603,西新井看護専門,,,,,review,にしあらいかんごせんもん
8610,板橋中央看護専,,,,,review,いたばしちゅうおうかんごせん
8614,相生市看護専門,,,,,review,あいおいしかんごせんもん
8621,大阪病院協会看,,,,,review,おおさかびょういんきょうかいかん
8622,明石医療附看専,,,,,review,あかしいりょうふかんせん
8626,神戸看護専門学,,,,,review,こうべかんごせんもんがく
8635,横須賀市立看護,,,,,review,よこすかしりつかんご
8659,富山高岡看護専,,,,,review,とやまたかおかかんごせん
8685,札幌看護医療専,,,,,review,さっぽろかんごいりょうせん
8686,錦秀会看護専門,,,,,review,にしきひでかいかんごせんもん
8687,狭山准看護学校,,,,,review,さやまじゅんかんごがっこう
8688,三沢中央附准看,,,,,review,みさわちゅうおうふじゅんかん
9001,愛媛農業大学校,,,,,review,えひめのうぎょうだいがっこう
9009,海上保安学校,,,,,review,かいじょうほあんがっこう
9011,理容・美容系,,,,,review,りよう・びようけい
9012,ブライダル系,,,,,review,ぶらいだるけい
9013,建築・土木系,,,,,review,けんちく・どぼくけい
9015,動物系,,,,,review,どうぶつけい
9016,芸術・芸能系,,,,,review,げいじゅつ・げいのうけい
9018,スポーツ系,,,,,review,すぽーつけい
9031,栄養調理系,,,,,review,えいようちょうりけい
9032,放射線技師系,,,,,review,ほうしゃせんぎしけい
9033,各種学校系,,,,,review,かくしゅがっこうけい
9034,教員養成系,,,,,review,きょういんようせいけい
9035,歯科衛生系,,,,,review,しかえいせいけい
9036,歯科技工系,,,,,review,しかぎこうけい
9037,看護系,,,,,review,かんごけい
9038,保育・児童系,,,,,review,ほいく・じどうけい
9039,リハビリ系,,,,,review,りはびりけい
9040,臨床検査系,,,,,review,りんしょうけんさけい
9060,山形産業技短大,,,,,review,やまがたさんぎょうわざたんだい
9123,宮城障害者職能,,,,,review,みやぎしょうがいしゃしょくのう
9142,北海道職能大学,,,,,review,ほっかいどうしょくのうだいがく
9143,青森職能短大,,,,,review,あおもりしょくのうたんだい
9144,岩手農業大学校,,,,,review,いわてのうぎょうだいがっこう
9145,東北職能大学校,,,,,review,とうほくしょくのうだいがっこう
9146,秋田職能短大,,,,,review,あきたしょくのうたんだい
9148,関東職能大学校,,,,,review,かんとうしょくのうだいがっこう
9150,千葉職能短大,,,,,review,ちばしょくのうたんだい
9153,港湾職能短横浜,,,,,review,こうわんしょくのうたんよこはま
9154,新潟職能短大,,,,,review,にいがたしょくのうたんだい
9155,北陸職能大学校,,,,,review,ほくりくしょくのうだいがっこう
9156,石川職能短大,,,,,review,いしかわしょくのうたんだい
9157,長野県福祉大学,,,,,review,ながのけんふくしだいがく
9158,東海職能大学校,,,,,review,とうかいしょくのうだいがっこう
9159,浜松職能短大,,,,,review,はままつしょくのうたんだい
9160,滋賀職能短大,,,,,review,しがしょくのうたんだい
9161,京都職能短大,,,,,review,きょうとしょくのうたんだい
9162,近畿職能大学校,,,,,review,きんきしょくのうだいがっこう
9163,島根職能短大,,,,,review,しまねしょくのうたんだい
9164,中国職能大学校,,,,,review,ちゅうごくしょくのうだいがっこう
9165,福山職能短大,,,,,review,ふくやましょくのうたんだい
9166,四国職能大学校,,,,,review,しこくしょくのうだいがっこう
9167,高知職能短大,,,,,review,こうちしょくのうたんだい
9168,九州職能大学校,,,,,review,きゅうしゅうしょくのうだいがっこう
9169,川内職能短大,,,,,review,かわうちしょくのうたんだい
9170,沖縄職能大学校,,,,,review,おきなわしょくのうだいがっこう
9172,熊本県立技術短,,,,,review,くまもとけんりつぎじゅつたん
9183,岩手産業技術短,,,,,review,いわてさんぎょうぎじゅつたん
9202,機械・技術系,,,,,review,きかい・ぎじゅつけい
9203,コンピュータ系,,,,,review,こんぴゅーたけい
9204,農業系,,,,,review,のうぎょうけい
9205,柔復・鍼灸系,,,,,review,じゅうふく・しんきゅうけい
9207,社会福祉系,,,,,review,しゃかいふくしけい
9208,事務系,,,,,review,じむけい
9209,観光・旅行系,,,,,review,かんこう・りょこうけい
9211,ファッション系,,,,,review,ふぁっしょんけい
9212,語学系,,,,,review,ごがくけい
9213,デザイン系,,,,,review,でざいんけい
9215,法律・公務員系,,,,,review,ほうりつ・こうむいんけい
9899,海外の学校,,,,,review,かいがいのがっこう
